{
    "accuracy": 0.6583333333333333,
    "precision": 0.6386230843953431,
    "recall": 0.6583333333333333,
    "f1_score": 0.6364743358242817,
    "auc": 0.5904682274247492
}